Kommun,Hemsida,Stadskod,Länk till föreningsregister,Status,Plattform,Region,Befolkning,Lon,Lat,Län,Länskod,Landskap,,,,,,
Karlshamn,http://www.karlshamn.se/,1082,,,,Götaland,31 751,56.1858364,14.91001229,Blekinge län,10,Blekinge,,,,,,
Karlskrona,http://www.karlskrona.se/,1080,,,,Götaland,66 301,56.08697621,15.75568913,Blekinge län,10,Blekinge,,,,,,
Ronneby,http://www.ronneby.se/,1081,,,,Götaland,28 741,56.23493198,15.23802203,Blekinge län,10,Blekinge,,,,,,
Sölvesborg,http://www.solvesborg.se/,1083,,,,Götaland,17 430,55.95001978,14.78857831,Blekinge län,10,Blekinge,,,,,,
Avesta,http://www.avesta.se/,2084,https://avesta.ibgo.se/#/AssociationRegister,,Interbook Go,Svealand,22 417,60.21371125,16.36473179,Dalarnas län,20,Dalarna,,,,,,
Borlänge,http://www.borlange.se/,2081,https://ibgo.borlange.se/AssociationRegister,,Interbook Go,Svealand,51 425,60.45027735,15.3600436,Dalarnas län,20,Dalarna,,,,,,
Falun,http://www.falun.se/,2080,https://falun.actorsmartbook.se/Associations.aspx,,Actors Smartbook,Svealand,59 945,60.75020473,15.84384833,Dalarnas län,20,Dalarna,,,,,,"Kommun,""Länk till föreningsregister"""
Gagnef,http://www.gagnef.se/,2026,,,,Svealand,10 384,60.47596643,14.89585287,Dalarnas län,20,Dalarna,,,,,,
Hedemora,http://www.hedemora.se/,2083,https://hedemora.actorsmartbook.se/Associations.aspx,,Actors Smartbook,Svealand,15 281,60.35470487,16.06040311,Dalarnas län,20,Dalarna,,,,,,
Malmö,http://www.malmo.se/,1280,,,,Svealand,365 644,55.56708696,12.93988287,Dalarnas län,20,Dalarna,,,,,,
Nässjö,http://www.nassjo.se/,682,,,,Svealand,31 587,57.61611288,14.65398626,Dalarnas län,20,Dalarna,,,,,,
Rättvik,http://www.rattvik.se/,2031,https://friweb.rattvik.se/forening/,,,Svealand,10 998,61.11756666,15.29731183,Dalarnas län,20,Dalarna,,,,,,"Haparanda,"""""
Smedjebacken,http://www.smedjebacken.se/,2061,,,,Svealand,10 823,60.08806647,15.4557198,Dalarnas län,20,Dalarna,,,,,,"Hudiksvall,""(Saknar separat online-register, men föreningar registreras via kultur- och fritidsförvaltningen. Regler:https://www.hudiksvall.se/Sidor/Uppleva-och-gora/Foreningar/Foreningsbidrag/Allmanna-bestammelser-foreningsbidrag-Kultur-och-fritid.html)"""
Säter,http://www.sater.se/,2082,,,,Svealand,11 223,60.37371789,15.69477789,Dalarnas län,20,Dalarna,,,,,,
Vansbro,http://www.vansbro.se/,2021,,,,Svealand,6 752,60.44469515,14.25905147,Dalarnas län,20,Dalarna,,,,,,"Härjedalen,""Ingen separat registerlänk; kommunens sida för föreningsstöd:https://www.herjedalen.se/uppleva-och-gora/for-foreningar-och-forbund.html"""
Älvdalen,http://www.alvdalen.se/,2039,https://alvdalen.actorsmartbook.se/Associations.aspx,,Actors Smartbook,Svealand,6 882,61.64606742,13.13810059,Dalarnas län,20,Dalarna,,,,,,
Bollnäs,http://www.bollnas.se/,2183,https://bollnas.actorsmartbook.se/Associations.aspx,,Actors Smartbook,Norrland,26 243,61.3125715,16.37795761,Gävleborgs län,21,Hälsingland,,,,,,"Härnösand,"""""
Gävle,https://www.gavle.se/,2180,https://fri.gavle.se/forening/,Klar,FRI,Norrland,103 838,60.76483583,17.2826061,Gävleborgs län,21,Gästrikland,,,,,,
Hofors,http://www.hofors.se/,2104,,,,Svealand,9 281,60.49124927,16.41737539,Gävleborgs län,21,Gästrikland,,,,,,
Hudiksvall,http://www.hudiksvall.se/,2184,https://hudiksvall.fri-go.se/forening/,,FRI,Norrland,37 528,61.72059461,17.07787155,Gävleborgs län,21,Hälsingland,,,,,,
Sandviken,http://www.sandviken.se/,2181,https://sandviken.actorsmartbook.se/Associations.aspx,,Actors Smartbook,Norrland,38 360,60.54057046,16.65669326,Gävleborgs län,21,Gästrikland,,,,,,
Söderhamn,http://www.soderhamn.se/,2182,https://soderhamn.rbok.se/foreningsregister,,RBOK,Norrland,24 545,61.24475924,17.19775152,Gävleborgs län,21,Hälsingland,,,,,,
Gotland,http://www.gotland.se/,980,,,,Götaland,60 971,57.61517431,18.68488225,Gotlands län,9,Gotland,,,,,,
Falkenberg,https://kommun.falkenberg.se/,1382,https://friwebb.falkenberg.se/forening/,,,Götaland,47 337,56.96967478,12.57615694,Hallands län,13,Halland,,,,,,"Jokkmokk,""(register under uppbyggnad 2025)"""
Halmstad,http://www.halmstad.se/,1380,https://fri.halmstad.se/forening/,Klar,FRI,Götaland,106 084,56.70565362,12.81779074,Hallands län,13,Halland,,,,,,
Hylte,http://www.hylte.se/,1315,,,,Götaland,10 196,56.97413576,13.27829077,Hallands län,13,Halland,,,,,,
Malå,http://www.mala.se/,2418,https://www.mala.se/media/ywkcsbbz/foreningsregister-2023.pdf,,,Götaland,2 962,65.2368193,18.72601405,Hallands län,13,Halland,,,,,,
Varberg,http://www.varberg.se/,1383,,,,Götaland,69 070,57.1579433,12.24364332,Hallands län,13,Halland,,,,,,
Berg,http://www.berg.se/,2326,,,Saknas,Norrland,7 108,62.76906341,13.78375003,Jämtlands län,23,Jämtland,,,,,,
Bräcke,http://www.bracke.se/,2305,,,Saknas,Norrland,6 035,62.85680832,15.59610222,Jämtlands län,23,Jämtland,,,,,,"Kalix,""https://forening.kalix.se/forening/"""
Härjedalen,http://www.herjedalen.se/,2361,,,Saknas,Norrland,10 175,62.21283611,13.70332542,Jämtlands län,23,Härjedalen,,,,,,
Norrtälje,https://www.norrtalje.se/,188,https://norrtalje.rbok.se/foreningsregister,,RBOK,Norrland,66 585,59.76101801,19.08698627,Jämtlands län,23,Jämtland,,,,,,
Pajala,http://www.pajala.se/,2521,,,Saknas,Norrland,5 857,67.31506571,22.89346977,Jämtlands län,23,Jämtland,,,,,,
Strömsund,http://www.stromsund.se/,2313,https://www.stromsund.se/978.html,,Manuellt,Norrland,11 023,64.22183597,15.22530937,Jämtlands län,23,Jämtland,,,,,,
Åre,https://www.are.se/,2321,https://www.are.se/kultur-och-fritid/foreningar-och-foreningsliv/foreningsstod-och-bidrag,,Manuellt,Norrland,12 693,63.4153486,12.98362809,Jämtlands län,23,Jämtland,,,,,,
Östersund,http://www.ostersund.se/,2380,(Ej specifik sida funnen – hänvisar till kommunens sektion Kultur och fritid för föreningsregistrering),,,Norrland,64 979,63.24024465,14.86788615,Jämtlands län,23,Jämtland,,,,,,
Aneby,http://www.aneby.se/,604,,,Saknas,Götaland,6 797,57.86510451,14.79577019,Jönköpings län,6,Småland,,,,,,
Eksjö,http://www.eksjo.se/,686,https://fritid.eksjo.se/forening/,Klar,FRI,Götaland,17 792,57.61900696,15.2092663,Jönköpings län,6,Småland,,,,,,
Gislaved,http://www.gislaved.se/,662,,,,Götaland,28 936,57.2541138,13.50776394,Jönköpings län,6,Småland,,,,,,
Gnosjö,https://www.gnosjo.se/,617,,,,Götaland,9 131,57.35607339,13.80497663,Jönköpings län,6,Småland,,,,,,
Habo,http://www.habokommun.se/,643,,,,Götaland,13 456,57.97233707,14.08398876,Jönköpings län,6,Småland,,,,,,
Jönköping,http://www.jonkoping.se/,680,,,,Götaland,370 009,57.8174738,14.21640462,Jönköpings län,6,Småland,,,,,,
Lekeberg,http://www.lekeberg.se/,1814,,,,Götaland,8 606,59.17946809,14.79133232,Jönköpings län,6,Småland,,,,,,
Lund,http://www.lund.se/,1281,,,,Götaland,131 590,55.66799406,13.37312479,Jönköpings län,6,Småland,,,,,,
Markaryd,http://www.markaryd.se/,767,,,,Götaland,9 938,56.54113988,13.61301189,Jönköpings län,6,Småland,,,,,,
Mönsterås,http://www.monsteras.se/,861,,,,Götaland,13 069,57.05587542,16.4354222,Jönköpings län,6,Småland,,,,,,
Sävsjö,http://www.savsjo.se/,684,,,,Götaland,11 563,57.32783805,14.58098639,Jönköpings län,6,Småland,,,,,,
Tranås,http://www.tranas.se/,687,,,,Götaland,18 604,58.02650714,14.83836806,Jönköpings län,6,Småland,,,,,,
Vaggeryd,http://www.vaggeryd.se/,665,,,,Götaland,14 825,57.4727966,14.12179813,Jönköpings län,6,Småland,,,,,,
Vetlanda,http://www.vetlanda.se/,685,,,,Götaland,27 528,57.36706004,15.15954806,Jönköpings län,6,Småland,,,,,,
Värnamo,http://www.varnamo.se/,683,,,,Götaland,34 542,57.14756622,14.09584836,Jönköpings län,6,Småland,,,,,,
Hultsfred,http://www.hultsfred.se/,860,,,,Götaland,13 673,57.39869372,15.80134744,Kalmars län,8,Småland,,,,,,
Borgholm,http://www.borgholm.se/,885,https://bokning.borgholm.se/AssociationRegister,,Actors Smartbook,Götaland,10 666,57.06077157,17.04309575,Kalmars län,8,Öland,,,,,,
Emmaboda,http://www.emmaboda.se/,862,https://fri.emmaboda.se/forening/,Klar,FRI,Götaland,9 006,56.63587069,15.5538012,Kalmars län,8,Småland,,,,,,
Högsby,http://www.hogsby.se/,821,,,,Götaland,5 321,57.13430256,15.93452328,Kalmars län,8,Småland,,,,,,
Kalmar,http://www.kalmar.se/,880,,,,Götaland,246 352,56.67830954,16.1954034,Kalmars län,8,Småland,,,,,,"Kiruna,""https://kiruna.actorsmartbook.se"""
Landskrona,http://www.landskrona.se/,1282,,,,Götaland,47 309,55.88077961,12.8234237,Kalmars län,8,Småland,,,,,,
Mjölby,https://www.mjolby.se/,586,,,,Götaland,28 695,58.32293433,15.16700566,Kalmars län,8,Småland,,,,,,
Mörbylånga,http://www.morbylanga.se/,840,,,,Götaland,16 224,56.35185913,16.57122032,Kalmars län,8,Småland,,,,,,
Torsås,https://www.torsas.se/,834,,,,Götaland,6 984,56.41202444,15.96344888,Kalmars län,8,Småland,,,,,,
Vimmerby,http://www.vimmerby.se/,884,,,,Götaland,15 384,57.69139716,15.87182411,Kalmars län,8,Småland,,,,,,"Kramfors,""https://www.kramfors.se/se--gora/foreningsliv/foreningsregister.html"""
Västervik,http://www.vastervik.se/,883,,,,Götaland,36 447,57.82702084,16.63582043,Kalmars län,8,Småland,,,,,,
Alvesta,http://www.alvesta.se/,764,https://alvesta.rbok.se/foreningsregister,,RBOK,Götaland,19 830,56.84958422,14.49533975,Kronobergs län,7,Småland,,,,,,
Kungälv,http://www.kungalv.se/,1482,,,,Götaland,50 313,57.87816211,11.70185247,Kronobergs län,7,Småland,,,,,,
Ludvika,http://www.ludvika.se/,2085,,,,Götaland,26 634,60.18193432,14.76331051,Kronobergs län,7,Småland,,,,,,
Nora,http://www.nora.se/,1884,,,,Götaland,10 639,59.53463535,14.88943528,Kronobergs län,7,Småland,,,,,,
Nynäshamn,http://www.nynashamn.se/,192,,,,Götaland,30 579,58.78398406,17.96155905,Kronobergs län,7,Småland,,,,,,
Tingsryd,http://www.tingsryd.se/,763,,,,Götaland,11 966,56.5357965,14.97432989,Kronobergs län,7,Småland,,,,,,
Uppvidinge,http://www.uppvidinge.se/,760,,,,Götaland,9 061,57.04029815,15.42481946,Kronobergs län,7,Småland,,,,,,
Växjö,http://www.vaxjo.se/,780,,,,Götaland,98 334,56.93131535,14.87333412,Kronobergs län,7,Småland,,,,,,
Älmhult,http://www.almhult.se/,765,,,,Götaland,17 653,56.57349395,14.17519492,Kronobergs län,7,Småland,,,,,,
Kristianstad,https://www.kristianstad.se/,1290,,,,Region,86 379,55.96443618,14.21585244,Kronobergs län,7,Småland,,,,,,
Arjeplog,http://www.arjeplog.se/,2506,https://arjeplog.se/foretag-forening-och-naringsliv/foreningsregister/,,Manuellt,Norrland,2 599,66.36450055,17.23901773,Norrbottens län,25,Lappland,,,,,,
Arvidsjaur,http://www.arvidsjaur.se/,2505,https://arvidsjaur.rbok.se/foreningsregister,,RBOK,Norrland,6 089,65.68398033,19.25888138,Norrbottens län,25,Lappland,,,,,,
Boden,http://www.boden.se/,2582,https://boden.actorsmartbook.se/Associations.aspx,,Actors Smartbook,Norrland,28 049,66.06131633,21.34193621,Norrbottens län,25,Norrbotten,,,,,,
Gällivare,https://gallivare.se/,2523,,,,Norrland,17 233,67.28910076,20.07842716,Norrbottens län,25,Lappland,,,,,,
Haparanda,http://www.haparanda.se/,2583,https://www.haparanda.se/fritid-och-kultur/foreningsliv/foreningsregister,,,Norrland,9 151,65.78496705,23.83673965,Norrbottens län,25,Norrbotten,,,,,,
Jokkmokk,http://www.jokkmokk.se/,2510,https://www.jokkmokk.se/kultur-och-fritid/foereningar-och-foereningsliv/foereningar-i-jokkmokk/,,Manuellt,Norrland,4 701,66.89786031,18.64867747,Norrbottens län,25,Lappland,,,,,,
Kalix,http://www.kalix.se/,2514,https://forening.kalix.se/forening/,,Actors Smartbook,Norrland,15 391,65.77068621,23.1192595,Norrbottens län,25,Norrbotten,,,,,,
Kiruna,http://kiruna.se/,2584,https://kiruna.actorsmartbook.se,,Actors Smartbook,Norrland,22 426,68.16267904,20.71096857,Norrbottens län,25,Lappland,,,,,,
Olofström,http://www.olofstrom.se/,1060,,,,Norrland,13 000,56.32120494,14.56342215,Norrbottens län,25,Norrbotten,,,,,,
Ragunda,http://www.ragunda.se/,2303,,,,Norrland,5 146,63.18765384,16.05521774,Norrbottens län,25,Norrbotten,,,,,,
Robertsfors,http://www.robertsfors.se/,2409,https://www.robertsfors.se/download/18.59b3a2531954625fd7a26482/1741187238080/Robertsfors%20kommun%20F%C3%B6reningsregister%202025.xlsx,,,Norrland,6 690,64.13330901,20.96022795,Norrbottens län,25,Norrbotten,,,,,,
Älvsbyn,http://www.alvsbyn.se/,2560,https://alvsbyn.interbookfri.se/#/AssociationRegister,,Interbook Go,Norrland,7 774,65.7435659,20.65774845,Norrbottens län,25,Norrbotten,,,,,,
Överkalix,http://www.overkalix.se/,2513,(Ingen specifik länk hittad på kommunens webb – kontakt sker via Kultur- och fritidsförvaltningen),,,Norrland,3 201,66.46574434,22.58384778,Norrbottens län,25,Norrbotten,,,,,,
Övertorneå,http://www.overtornea.se/,2518,(Ingen direkt webblänk hittad – kommunen hanterar föreningsregister manuellt via ansökningsblanketter på webbplatsen),,,Norrland,4 057,66.5301343,23.49959594,Norrbottens län,25,Norrbotten,,,,,,
Askersund,http://www.askersund.se/,1882,https://friweb.askersund.se/forening/,Klar,FRI,Svealand,11 477,58.85311112,14.9530948,Örebro län,18,Närke,,,,,,
Degerfors,http://www.degerfors.se/,1862,https://degerfors.ibgo.se/#/AssociationRegister,,Interbook Go,Svealand,9 278,59.16237866,14.42353358,Örebro län,18,Närke,,,,,,
Hallsberg,http://www.hallsberg.se/,1861,,,,Svealand,16 120,59.00400495,15.24618061,Örebro län,18,Närke,,,,,,
Hällefors,http://www.hellefors.se/,1863,,,,Svealand,6 321,59.77758468,14.61684628,Örebro län,18,Västmanland,,,,,,
Karlskoga,https://www.karlskoga.se/,1883,,,,Svealand,30 180,59.3774073,14.56572037,Örebro län,18,Närke,,,,,,
Oskarshamn,https://www.oskarshamn.se/,882,,,,Svealand,26 923,57.39797155,16.61414221,Örebro län,18,Närke,,,,,,
Örebro,http://www.orebro.se/,1880,,,,Svealand,308 375,59.26407036,15.3312662,Örebro län,18,Närke,,,,,,
Boxholm,http://www.boxholm.se/,560,https://www.boxholm.se/uppleva-och-gora/foreningar-och-foreningsliv/foreningsregister,,Manuellt,Götaland,5 517,58.14234678,15.12188374,Östergötlands län,5,Östergötland,,,,,,
Finspång,http://www.finspang.se/,562,https://finspang.ibgo.se/#/AssociationRegister,,Interbook Go,Götaland,21 623,58.80470668,15.77652871,Östergötlands län,5,Östergötland,,,,,,
Kinda,http://www.kinda.se/,513,,,,Götaland,9 957,57.99912779,15.72986672,Östergötlands län,5,Östergötland,,,,,,
Luleå,http://www.lulea.se/,2580,https://lulea.rbok.se/foreningsregister,,RBOK,Götaland,79 645,65.57853462,22.35086093,Östergötlands län,5,Östergötland,,,,,,
Lycksele,http://www.lycksele.se/,2481,https://fri.lycksele.se/forening/,,,Götaland,12 118,64.65366581,18.46003444,Östergötlands län,5,Östergötland,,,,,,
Norberg,http://www.norberg.se/,1962,,,,Götaland,5 452,60.07683403,15.9691302,Östergötlands län,5,Östergötland,,,,,,
Nyköping,https://www.nykoping.se/,480,,,,Götaland,58 344,58.76774227,17.06641372,Östergötlands län,5,Östergötland,,,,,,
Osby,http://www.osby.se/,1273,,,,Götaland,12 947,56.41583751,14.14747091,Östergötlands län,5,Östergötland,,,,,,
Söderköping,http://www.soderkoping.se/,582,,,,Götaland,14 789,58.38694323,16.76261822,Östergötlands län,5,Östergötland,,,,,,
Vadstena,http://www.vadstena.se/,584,,,,Götaland,7 490,58.42584177,14.78968089,Östergötlands län,5,Östergötland,,,,,,
Valdemarsvik,http://www.valdemarsvik.se/,563,,,,Götaland,7 525,58.1751484,16.93010547,Östergötlands län,5,Östergötland,,,,,,"Nybro,""(Register hanteras lokalt via Kultur & fritid; ingen öppen länk funnen)"""
Ydre,http://www.ydre.se/,512,,,,Götaland,3 626,57.85543916,15.25488626,Östergötlands län,5,Östergötland,,,,,,
Åtvidaberg,http://www.atvidaberg.se/,561,,,,Götaland,11 467,58.22403461,16.10986342,Östergötlands län,5,Östergötland,,,,,,
Ödeshög,http://www.odeshog.se/,509,,,,Götaland,5 237,58.21720577,14.67366963,Östergötlands län,5,Östergötland,,,,,,
Bjuv,http://www.bjuv.se/,1260,,,Saknas,Götaland,15 985,56.05354337,12.96663869,Skåne län,12,Skåne,,,,,,
Bromölla,http://www.bromolla.se/,1272,https://fri.bromolla.se/forening/default.aspx,Klar,FRI,Götaland,12 470,56.12518043,14.49590515,Skåne län,12,Skåne,,,,,,
Burlöv,http://www.burlov.se/,1231,https://ibgo.burlov.se/AssociationRegister,,Interbook Go,Götaland,20 101,55.63349461,13.09438137,Skåne län,12,Skåne,,,,,,"Olofström,""(Ej eget register online, kontakt via Kultur och fritid, Olofströms kommun)"""
Båstad,http://www.bastad.se/,1278,https://bapp53.bastad.se/forening/,Klar,FRI,Götaland,16 026,56.44985411,12.59716389,Skåne län,12,Skåne,,,,,,
Eslöv,http://www.eslov.se/,1285,,,Manuellt,Götaland,34 922,55.83608448,13.36766744,Skåne län,12,Skåne,,,,,,
Helsingborg,http://www.helsingborg.se/,1283,,,,Götaland,152 091,56.06177494,12.7641528,Skåne län,12,Skåne,,,,,,
Hässleholm,http://www.hassleholm.se/,1293,,,,Götaland,52 114,56.20263435,13.72470737,Skåne län,12,Skåne,,,,,,
Höganäs,http://www.hoganas.se/,1284,,,,Götaland,28 430,56.28825007,12.46141816,Skåne län,12,Skåne,,,,,,
Hörby,http://www.horby.se/,1266,,,,Götaland,15 562,55.83734361,13.7306125,Skåne län,12,Skåne,,,,,,
Höör,http://www.hoor.se/,1267,,,,Götaland,17 518,55.94984314,13.51407038,Skåne län,12,Skåne,,,,,,
Klippan,http://www.klippan.se/,1276,,,,Götaland,17 714,56.11177716,13.24636558,Skåne län,12,Skåne,,,,,,
Köping,http://www.koping.se/,1983,,,,Götaland,25 729,59.57455928,15.88788664,Skåne län,12,Skåne,,,,,,
Leksand,http://www.leksand.se/,2029,https://leksand.fri-go.se/forening/,,FRI,Götaland,16 137,60.71894793,14.93461271,Skåne län,12,Skåne,,,,,,
Mark,http://www.mark.se/,1463,,,,Götaland,35 155,57.4640737,12.60690851,Skåne län,12,Skåne,,,,,,
Nordanstig,http://www.nordanstig.se/,2132,,,,Götaland,9 262,62.02261543,17.28354884,Skåne län,12,Skåne,,,,,,
Nykvarn,http://www.nykvarn.se/,140,,,,Götaland,12 342,59.19403568,17.39520193,Skåne län,12,Skåne,,,,,,
Orsa,http://www.orsa.se/,2034,,,,Götaland,6 851,61.31791426,14.71615137,Skåne län,12,Skåne,,,,,,
Ovanåker,http://www.ovanaker.se/,2121,,,,Götaland,11 341,61.36622698,15.77026981,Skåne län,12,Skåne,,,,,,
Piteå,http://www.pitea.se/,2581,https://friweb.pitea.se/FRI_forening/,,FRI,Götaland,42 447,65.32415745,21.18657835,Skåne län,12,Skåne,,,,,,"Oxelösund,""(Ingen separat föreningsregistersida publicerad; via kommunens kulturavdelning)"""
Simrishamn,http://www.simrishamn.se/,1291,,,,Götaland,18 890,55.58891646,14.36416983,Skåne län,12,Skåne,,,,,,
Sjöbo,http://www.sjobo.se/,1265,,,,Götaland,19 337,55.64283083,13.74431893,Skåne län,12,Skåne,,,,,,
Skurup,http://www.skurup.se/,1264,,,,Götaland,17 099,55.3558922,13.60625168,Skåne län,12,Skåne,,,,,,
Staffanstorp,http://www.staffanstorp.se/,1230,,,,Götaland,27 303,55.64556907,13.21121909,Skåne län,12,Skåne,,,,,,
Svalöv,http://www.svalov.se/,1214,,,,Götaland,14 543,55.95875106,13.12599928,Skåne län,12,Skåne,,,,,,
Svedala,http://www.svedala.se/,1263,,,,Götaland,23 581,55.53399614,13.26238825,Skåne län,12,Skåne,,,,,,
Tomelilla,http://www.tomelilla.se/,1270,,,,Götaland,13 639,55.61429605,14.0127841,Skåne län,12,Skåne,,,,,,
Trelleborg,http://www.trelleborg.se/,1287,,,,Götaland,47 269,55.30157483,13.26058143,Skåne län,12,Skåne,,,,,,
Vellinge,http://www.vellinge.se/,1233,,,,Götaland,37 816,55.37177072,12.86525595,Skåne län,12,Skåne,,,,,,
Ystad,http://www.ystad.se/,1286,,,,Götaland,32 106,55.35710667,13.97264323,Skåne län,12,Skåne,,,,,,
Åstorp,http://www.astorp.se/,1277,,,,Götaland,16 449,56.13082515,12.99057642,Skåne län,12,Skåne,,,,,,
Ängelholm,http://www.engelholm.se/,1292,,,,Götaland,45 110,56.26713764,12.94405953,Skåne län,12,Skåne,,,,,,
Örkelljunga,http://www.orkelljunga.se/,1257,,,,Götaland,10 277,56.31678689,13.33966136,Skåne län,12,Skåne,,,,,,
Östra Göinge,http://www.ostragoinge.se/,1256,,,,Götaland,13 978,56.26526658,14.14441035,Skåne län,12,Skåne,,,,,,
Eskilstuna,http://www.eskilstuna.se/,484,https://fri.fagersta.se/forening/,Klar,FRI,Svealand,107 203,59.31829142,16.42399348,Södermanlands län,4,Södermanland,,,,,,"Pajala,""(Ej funnen webblänk, sannolikt via kommunkontoret, Kultur och fritid)"""
Flen,http://www.flen.se/,482,,,,Svealand,15 362,59.06547008,16.70230391,Södermanlands län,4,Södermanland,,,,,,
Gnesta,http://www.gnesta.se/,461,,,,Svealand,11 458,59.08208966,17.14908671,Södermanlands län,4,Södermanland,,,,,,"Ragunda,""(Register hanteras via kommunen, ingen publik portal funnen)"""
Katrineholm,http://www.katrineholm.se/,483,,,,Svealand,34 154,59.0134537,16.26719392,Södermanlands län,4,Södermanland,,,,,,
Lessebo,http://www.lessebo.se/,761,,,,Svealand,8 289,56.77521443,15.3182061,Södermanlands län,4,Södermanland,,,,,,
Motala,http://www.motala.se/,583,,,,Svealand,43 505,58.62689049,15.14231517,Södermanlands län,4,Södermanland,,,,,,
Strängnäs,http://www.strangnas.se/,486,,,,Svealand,39 313,59.35624089,17.06977722,Södermanlands län,4,Södermanland,,,,,,"Robertsfors,""(Hanteras via kommunens fritidsenhet, ingen separat webblänk hittad)"""
Trosa,http://www.trosa.se/,488,,,,Svealand,14 927,58.76559091,17.62824,Södermanlands län,4,Södermanland,,,,,,
Vingåker,http://www.vingaker.se/,428,,,,Svealand,8 750,59.06000314,15.88637049,Södermanlands län,4,Södermanland,,,,,,
Botkyrka,http://www.botkyrka.se/,127,https://botkyrka.ibgo.se/AssociationRegister,,Interbook Go,Svealand,95 905,59.15931135,17.82038331,Stockholms län,1,Södermanland,,,,,,
Danderyd,https://www.danderyd.se/,162,https://www.danderyd.se/uppleva-och-gora/kultur/kulturforeningar/?_t_id=7cKNDP_USWUr7DoZH3enFA%3d%3d&_t_uuid=TDrc9uqBTESTfWfAdWO6Ig&_t_q=f%c3%b6reningar&_t_tags=language%3asv%2csiteid%3ae2b1f836-3d5f-4dac-a04d-b8521fff2ea0%2candquerymatch&_t_hit.id=Danderyd_Web_Core_Models_Pages_StandardPage/_ecdf8a7c-f05b-4648-acc8-f06fee3c9ed9_sv&_t_hit.pos=1,,Manuellt,Svealand,32 425,59.40614251,18.05481605,Stockholms län,1,Uppland,,,,,,
Ekerö,http://www.ekero.se/,125,https://ekero.fri-go.se/forening/,Klar,FRI,Svealand,28 910,59.35234037,17.64870388,Stockholms län,1,Uppland,,,,,,
Haninge,http://www.haninge.se/,136,,,,Svealand,100 895,58.92976377,18.38540969,Stockholms län,1,Södermanland,,,,,,
Huddinge,http://www.huddinge.se/,126,,,,Svealand,114 304,59.21394038,18.01697301,Stockholms län,1,Södermanland,,,,,,
Järfälla,http://www.jarfalla.se/,123,https://jarfalla.fri-go.se/forening/,Klar,FRI,Svealand,88 950,59.43385911,17.81858789,Stockholms län,1,Uppland,,,,,,
Lidingö,http://www.lidingo.se/,186,,,,Svealand,48 377,59.36531278,18.18017637,Stockholms län,1,Södermanland,,,,,,
Lidköping,http://www.lidkoping.se/,1494,,,,Svealand,40 425,58.55936101,13.02654976,Stockholms län,1,Uppland,,,,,,
Ljusdal,https://www.ljusdal.se/,2161,https://interbook.ljusdal.se/AssociationRegister,,Interbook Go,Svealand,18 445,61.8529028,15.53751993,Stockholms län,1,Uppland,,,,,,
Ljusnarsberg,http://www.ljusnarsberg.se/,1864,,,,Svealand,4 369,59.93710376,14.96794535,Stockholms län,1,Uppland,,,,,,
Lysekil,http://www.lysekil.se/,1484,,,,Svealand,13 907,58.28265644,11.26952597,Stockholms län,1,Uppland,,,,,,
Mariestad,http://www.mariestad.se/,1493,,,,Svealand,24 583,58.80653978,13.73487475,Stockholms län,1,Uppland,,,,,,
Mölndal,http://www.molndal.se/,1481,,,,Svealand,71 420,57.60868823,12.08979105,Stockholms län,1,Uppland,,,,,,
Partille,http://www.partille.se/,1402,,,,Svealand,41 060,57.73195172,12.12805257,Stockholms län,1,Uppland,,,,,,
Salem,http://www.salem.se/,128,,,,Svealand,17 507,59.2387903,17.68974833,Stockholms län,1,Södermanland,,,,,,
Sigtuna,http://www.sigtuna.se/,191,,,,Svealand,52 767,59.64844232,17.89110365,Stockholms län,1,Uppland,,,,,,
Sollentuna,http://www.sollentuna.se/,163,https://boka.sollentuna.se/forening/,Klar,FRI,Svealand,77 624,59.45011827,17.93192583,Stockholms län,1,Uppland,,,,,,
Solna,http://www.solna.se/,184,,,,Svealand,85 789,59.3686544,18.0078594,Stockholms län,1,Uppland,,,,,,
Stockholm,http://www.stockholm.se/,180,,,,Svealand,2 473 307,59.32182428,17.99677823,Stockholms län,1,Uppland,,,,,,
Sundbyberg,http://www.sundbyberg.se/,183,,,,Svealand,56 274,59.37696491,17.96086266,Stockholms län,1,Uppland,,,,,,
Södertälje,http://www.sodertalje.se/,181,,,,Svealand,102 911,59.10288492,17.54225185,Stockholms län,1,Södermanland,,,,,,
Tyresö,http://www.tyreso.se/,138,,,,Svealand,49 179,59.21537774,18.32633249,Stockholms län,1,Södermanland,,,,,,
Täby,http://www.taby.se/,160,,,,Svealand,77 744,59.46583934,18.07149917,Stockholms län,1,Uppland,,,,,,
Upplands-Bro,http://www.upplands-bro.se/,139,,,,Svealand,32 868,59.52638664,17.65169078,Stockholms län,1,Uppland,,,,,,
Upplands Väsby,http://www.upplandsvasby.se/,114,,,,Svealand,50 323,59.5215476,17.90500633,Stockholms län,1,Uppland,,,,,,
Vallentuna,https://www.vallentuna.se/,115,,,,Svealand,35 119,59.58757082,18.19840872,Stockholms län,1,Uppland,,,,,,
Vaxholm,http://www.vaxholm.se/,187,,,,Svealand,11 822,59.40164173,18.30349948,Stockholms län,1,Uppland,,,,,,
Värmdö,http://www.varmdo.se/,120,,,,Svealand,46 635,59.22587606,18.95026038,Stockholms län,1,Uppland,,,,,,
Österåker,https://www.osteraker.se/,117,,,,Svealand,49 787,59.50203823,18.55771172,Stockholms län,1,Uppland,,,,,,
Enköping,http://www.enkoping.se/,381,,,,Svealand,48 591,59.66351232,17.14269291,Uppsala län,3,Uppland,,,,,,
Heby,http://www.heby.se/,331,,,,Svealand,14 345,60.08914265,17.01451475,Uppsala län,3,Uppland,,,,,,
Håbo,http://www.habo.se/,305,,,,Svealand,22 973,59.62640077,17.50239448,Uppsala län,3,Uppland,,,,,,
Knivsta,http://www.knivsta.se/,330,,,,Svealand,21 193,59.75410924,17.85718697,Uppsala län,3,Uppland,,,,,,
Kungsbacka,http://www.kungsbacka.se/,1384,,,,Svealand,85 792,57.40429984,11.95274337,Uppsala län,3,Uppland,,,,,,
Lomma,http://www.lomma.se/,1262,,,,Svealand,24 715,55.69891228,13.0512018,Uppsala län,3,Uppland,,,,,,
Ockelbo,https://www.ockelbo.se/,2101,,,,Svealand,5 715,60.92463375,16.5733664,Uppsala län,3,Uppland,,,,,,
Perstorp,http://www.perstorp.se/,1275,,,,Svealand,7 235,56.18683755,13.3747622,Uppsala län,3,Uppland,,,,,,
Tierp,http://www.tierp.se/,360,,,,Svealand,21 104,60.47690263,17.81451946,Uppsala län,3,Uppland,,,,,,
Uppsala,https://www.uppsala.se/,380,,,,Svealand,407 912,59.94488581,17.71630825,Uppsala län,3,Uppland,,,,,,
Älvkarleby,http://www.alvkarleby.se/,319,,,,Svealand,9 552,60.6699017,17.65531764,Uppsala län,3,Uppland,,,,,,
Östhammar,http://www.osthammar.se/,382,,,,Svealand,22 138,60.38418956,18.5134572,Uppsala län,3,Uppland,,,,,,
Arvika,http://www.arvika.se/,1784,https://arvika.ibgo.se/,,Interbook Go,Svealand,25 547,59.68610638,12.62989281,Värmlands län,17,Värmland,,,,,,
Eda,http://www.eda.se/,1730,https://eda.ibgo.se/#/,,Interbook Go,Svealand,8 412,59.79675331,12.19289483,Värmlands län,17,Värmland,,,,,,
Filipstad,http://www.filipstad.se/,1782,,,Saknas,Svealand,9 776,59.85251642,14.15325582,Värmlands län,17,Värmland,,,,,,
Forshaga,http://www.forshaga.se/,1763,https://forening.forshaga.se/,Klar,FRI,Svealand,11 520,59.65100572,13.50834976,Värmlands län,17,Värmland,,,,,,
Grums,http://www.grums.se/,1764,https://business.updatesystem.se/ifgrums,,Business Update Systems,Svealand,9 004,59.39085334,13.01579975,Värmlands län,17,Värmland,,,,,,
Hagfors,http://www.hagfors.se/,1783,https://business.updatesystem.se/ifhagfors,,Business Update Systems,Svealand,11 418,60.08411104,13.63076067,Värmlands län,17,Värmland,,,,,,
Hammarö,http://www.hammaro.se/,1761,https://ibgo.hammaro.se/AssociationRegister,,Interbook Go,Svealand,16 992,59.22847944,13.54607158,Värmlands län,17,Värmland,,,,,,
Karlstad,http://www.karlstad.se/,1780,https://karlstad.rbok.se/foreningsregister,,RBOK,Svealand,98 084,59.46631831,13.61000059,Värmlands län,17,Värmland,,,,,,
Kil,http://www.kil.se/,1715,https://kil.rbok.se/foreningsregister,,RBOK,Svealand,12 061,59.57102433,13.20158349,Värmlands län,17,Värmland,,,,,,
Laholm,http://www.laholm.se/,1381,https://laholm.fri-go.se/forening/,Klar,FRI,Svealand,26 595,56.50169244,13.18020898,Värmlands län,17,Värmland,,,,,,
Norsjö,http://www.norsjo.se/,2417,https://norsjo.se/kultur-fritid/foreningsservice/foreningsregister/,,Manuellt,Svealand,3 968,64.93109674,19.55158422,Värmlands län,17,Värmland,,,,,,
Storfors,http://www.storfors.se/,1760,https://www.storfors.se/upplevaochgora/foreningar/foreningsregister.4.55cd3a5d147583335eb15c7.html,,Manuellt,Svealand,3 788,59.48929627,14.2569135,Värmlands län,17,Värmland,,,,,,
Sunne,http://www.sunne.se/,1766,https://www.sunne.se/kommun/uppleva-och-gora/foreningar-foreningsliv,,Manuellt,Svealand,13 356,59.89667225,13.06014393,Värmlands län,17,Värmland,,,,,,
Säffle,http://www.saffle.se/,1785,https://saffle.ibgo.se/#/,,Interbook Go,Svealand,14 899,59.08404655,13.00243959,Värmlands län,17,Värmland,,,,,,
Torsby,http://www.torsby.se/,1737,https://torsby.ibgo.se/#/AssociationRegister,,Interbook Go,Svealand,11 321,60.5318195,12.87288562,Värmlands län,17,Värmland,,,,,,
Årjäng,http://www.arjang.se/,1765,https://fri.arjang.se/FORENING/,Klar,FRI,Svealand,9 825,59.42451006,12.08134973,Värmlands län,17,Värmland,,,,,,
Bjurholm,http://www.bjurholm.se/,2403,https://www.bjurholm.se/uppleva-och-gora/foreningar/foreningsregister,,Actors Smartbook,Norrland,2 359,63.9465015,18.99191678,Västerbottens län,24,Ångermanland,,,,,,
Dorotea,http://www.dorotea.se/,2425,https://www.dorotea.se/uppleva-och-gora/foreningar-och-foreningsliv/foreningsregister/,,Manuellt,Norrland,2 294,64.52119445,15.90918314,Västerbottens län,24,Lappland,,,,,,
Ljungby,http://www.ljungby.se/,781,,,,Norrland,28 280,56.81433455,13.82796256,Västerbottens län,24,Västerbotten,,,,,,
Mellerud,http://www.mellerud.se/,1461,,,,Norrland,9 052,58.69002546,12.50931166,Västerbottens län,24,Lappland,,,,,,
Mora,https://morakommun.se/,2062,https://mora.actorsmartbook.se/,,Actors Smartbook,Norrland,20 540,61.0323026,14.26044776,Västerbottens län,24,Västerbotten,,,,,,
Munkfors,http://www.munkfors.se/,1762,,,,Norrland,3 625,59.82108554,13.47829429,Västerbottens län,24,Västerbotten,,,,,,
Nybro,http://www.nybro.se/,881,,,,Norrland,19 951,56.83630234,15.88539575,Västerbottens län,24,Lappland,,,,,,
Skellefteå,http://www.skelleftea.se/,2482,https://ibgo.skelleftea.se/AssociationRegister,,Interbook Go,Norrland,78 150,64.75236044,20.84844951,Västerbottens län,24,Västerbotten,,,,,,
Sorsele,http://www.sorsele.se/,2422,https://portal.sorsele.se/invanare/,,Manuellt,Norrland,2 357,65.72165873,16.73584659,Västerbottens län,24,Lappland,,,,,,
Storuman,http://www.storuman.se/,2421,https://www.storuman.se/kommun/kultur-fritid/Foreningar/foreningsregister/,,Manuellt,Norrland,5 577,65.43742436,16.04938408,Västerbottens län,24,Lappland,,,,,,
Umeå,http://www.umea.se/,2480,https://umea.rbok.se/foreningsregister,,RBOK,Norrland,134 249,63.75929419,20.44545563,Västerbottens län,24,Västerbotten,,,,,,
Vilhelmina,http://www.vilhelmina.se/,2462,https://www.vilhelmina.se/uppleva-och-gora/vilhelminas-foreningsliv/,,,Norrland,6 229,64.93582417,16.00700502,Västerbottens län,24,Lappland,,,,,,
Vindeln,http://www.vindeln.se/,2404,https://www.vindeln.se/uppleva-och-gora/foreningar/foreningar-pa-natet,,,Norrland,5 417,64.35613777,19.51381541,Västerbottens län,24,Västerbotten,,,,,,
Vännäs,http://www.vannas.se/,2460,https://sjalvservice.vannas.se/oversikt/overview/214,,,Norrland,9 132,63.94734376,19.71553339,Västerbottens län,24,Västerbotten,,,,,,
Åsele,http://www.asele.se/,2463,https://www.asele.se/media/dakowirj/publikaforeningsregistret-251003.pdf,,,Norrland,2 694,64.17425737,17.62702953,Västerbottens län,24,Lappland,,,,,,
Härnösand,https://www.harnosand.se/,2280,https://fri.harnosand.se/forening/,,FRI,Norrland,24 515,62.65839343,17.90197444,Västernorrlands län,22,Ångermanland,,,,,,
Kramfors,http://www.kramfors.se/,2282,https://www.kramfors.se/se--gora/foreningsliv/foreningsregister.html,,Manuellt,Norrland,17 491,62.92437265,18.13927027,Västernorrlands län,22,Ångermanland,,,,,,
Kungsör,http://www.kungsor.se/,1960,,,,Norrland,8 694,59.41526037,16.08712751,Västernorrlands län,22,Medelpad,,,,,,
Norrköping,http://www.norrkoping.se/,581,,,,Norrland,144 980,58.58383707,16.42279557,Västernorrlands län,22,Medelpad,,,,,,
Oxelösund,http://www.oxelosund.se/,481,,,,Norrland,12 031,58.54807609,17.37351311,Västernorrlands län,22,Ångermanland,,,,,,
Sollefteå,https://www.solleftea.se/,2283,https://solleftea.actorsmartbook.se/Associations.aspx,,Actors Smartbook,Norrland,18 396,63.43991041,16.88639496,Västernorrlands län,22,Ångermanland,,,,,,
Sundsvall,https://sundsvall.se/,2281,https://sundsvall.actorsmartbook.se/Associations.aspx,,Actors Smartbook,Norrland,99 048,62.43708491,17.10449041,Västernorrlands län,22,Medelpad,,,,,,
Timrå,http://www.timra.se/,2262,https://www.timra.se/upplevagora/foreningsregister.4.714dad16d46439ef93504.html,,,Norrland,17 521,62.5540076,17.5330611,Västernorrlands län,22,Medelpad,,,,,,
Ånge,http://www.ange.se/,2260,https://ange.ibgo.se/AssociationRegister,,Interbook Go,Norrland,9 044,62.47232961,15.72163837,Västernorrlands län,22,Medelpad,,,,,,
Örnsköldsvik,http://www.ornskoldsvik.se/,2284,(Ej direkt sida hittad – deras föreningsregister verkar vara en del av Interbook GO som tidigare länkats via kommunens fritidsavdelning),,,Norrland,55 443,63.45987493,18.40133739,Västernorrlands län,22,Ångermanland,,,,,,
Arboga,http://www.arboga.se/,1984,https://www.forening.arboga.se/,Klar,FRI,Svealand,13 980,59.35471046,15.78509138,Västmanlands län,19,Västmanland,,,,,,
Fagersta,http://www.fagersta.se/,1982,,,,Svealand,13 072,59.94744264,15.88695319,Västmanlands län,19,Västmanland,,,,,,
Hallstahammar,http://www.hallstahammar.se/,1961,,,,Svealand,16 653,59.58802139,16.22031791,Västmanlands län,19,Västmanland,,,,,,
Nacka,http://www.nacka.se/,182,,,,Svealand,112 112,59.30030672,18.25411487,Västmanlands län,19,Västmanland,,,,,,
Sala,http://www.sala.se/,1981,,,,Svealand,22 843,59.96000483,16.48858301,Västmanlands län,19,Västmanland,,,,,,
Skinnskatteberg,http://www.skinnskatteberg.se/,1904,,,,Svealand,4 256,59.79688998,15.72135335,Västmanlands län,19,Västmanland,,,,,,
Surahammar,http://www.surahammar.se/,1907,,,,Svealand,9 845,59.76745353,16.12139513,Västmanlands län,19,Västmanland,,,,,,
Västerås,http://www.vasteras.se/,1980,,,,Svealand,160 634,59.62820208,16.56734084,Västmanlands län,19,Västmanland,,,,,,
Ale,http://www.ale.se/,1440,https://ale.ibgo.se/AssociationRegister,,Interbook Go,Götaland,32 576,57.96739975,12.23146861,Västra Götalands län,14,Västergötland,,,,,,
Alingsås,http://www.alingsas.se/,1489,https://alingsas.actorsmartbook.se/Associations.aspx,,Actors Smartbook,Götaland,42 722,57.98699305,12.53563223,Västra Götalands län,14,Västergötland,,,,,,
Bengtsfors,http://www.bengtsfors.se/,1460,https://ibgo.bengtsfors.se/AssociationRegister,,Interbook Go,Götaland,9 076,59.03447624,12.2028066,Västra Götalands län,14,Dalsland,,,,,,
Bollebygd,http://www.bollebygd.se/,1443,https://www.bollebygd.se/upplevaochgora/foreningar/foreningsregister.4.4b88096f14fb4d9accd2a441.html,,Manuellt,Götaland,9 802,57.73824665,12.61944091,Västra Götalands län,14,Västergötland,,,,,,
Borås,http://www.boras.se/,1490,https://boras.actorsmartbook.se/Associations.aspx,,Actors Smartbook,Götaland,114 872,57.73225981,12.94111866,Västra Götalands län,14,Västergötland,,,,,,
Dals-Ed,http://www.dalsed.se/,1438,https://www.dalsed.se/uppleva-och-gora/foreningar/,,Manuellt,Götaland,4 606,58.96436063,11.8857656,Västra Götalands län,14,Dalsland,,,,,,
Essunga,http://www.essunga.se/,1445,https://www.essunga.se/uppleva--gora/foreningar/foreningsregister.html,,Manuellt,Götaland,5 560,58.18709278,12.7462032,Västra Götalands län,14,Västergötland,,,,,,
Falköping,http://www.falkoping.se/,1499,,,,Götaland,32 806,58.14453143,13.54992333,Västra Götalands län,14,Västergötland,,,,,,
Färgelanda,http://www.fargelanda.se/,1439,,,,Götaland,6 376,58.63074212,12.01525389,Västra Götalands län,14,Dalsland,,,,,,
Grästorp,http://www.grastorp.se/,1444,,,,Götaland,5 555,58.32992381,12.66035446,Västra Götalands län,14,Västergötland,,,,,,
Gullspång,http://www.gullspang.se/,1447,,,,Götaland,5 031,58.94646381,14.10034649,Västra Götalands län,14,Västergötland,,,,,,
Göteborg,http://www.goteborg.se/,1480,,,,Götaland,608 993,57.65931584,11.7664139,Västra Götalands län,14,Västergötland,,,,,,
Götene,https://www.gotene.se/,1471,,,,Götaland,13 286,58.58545579,13.45613873,Västra Götalands län,14,Västergötland,,,,,,
Herrljunga,https://www.herrljunga.se/,1466,,,,Götaland,9 497,58.01353721,13.11118334,Västra Götalands län,14,Västergötland,,,,,,
Hjo,http://www.hjo.se/,1497,,,,Götaland,9 350,58.27413324,14.28377172,Västra Götalands län,14,Västergötland,,,,,,
Härryda,http://www.harryda.se/,1401,,,,Götaland,40 003,57.66915156,12.31933835,Västra Götalands län,14,Västergötland,,,,,,
Karlsborg,http://www.karlsborg.se/,1446,,,,Götaland,7 023,58.58338227,14.50326755,Västra Götalands län,14,Västergötland,,,,,,
Kristinehamn,http://www.kristinehamn.se/,1781,,,,Götaland,23 756,59.21514808,14.01395113,Västra Götalands län,14,Bohuslän,,,,,,
Krokom,http://www.krokom.se/,2309,,,,Götaland,15 680,63.77378004,14.20771611,Västra Götalands län,14,Västergötland,,,,,,
Kumla,http://www.kumla.se/,1881,,,,Götaland,22 681,59.12397319,15.13893942,Västra Götalands län,14,Västergötland,,,,,,
Kävlinge,http://www.kavlinge.se/,1261,,,,Götaland,32 477,55.76874987,12.97304736,Västra Götalands län,14,Bohuslän,,,,,,
Laxå,http://www.laxa.se/,1860,,,,Götaland,5 423,58.9185835,14.54760744,Västra Götalands län,14,Västergötland,,,,,,
Lerum,http://www.lerum.se/,1441,,,,Götaland,43 570,57.82497113,12.32485866,Västra Götalands län,14,Västergötland,,,,,,
Lilla Edet,http://www.lillaedet.se/,1462,,,,Götaland,14 442,58.13362223,12.14080977,Västra Götalands län,14,Västergötland,,,,,,
Lindesberg,http://www.lindesberg.se/,1885,,,,Götaland,23 141,59.64925855,15.33146075,Västra Götalands län,14,Bohuslän,,,,,,
Linköping,http://www.linkoping.se/,580,,,,Götaland,168 035,58.37150902,15.59877767,Västra Götalands län,14,Västergötland,,,,,,
Malung-Sälen,https://malung-salen.se/,2023,https://fri.malung-salen.se/forening/,,FRI,Götaland,10 254,60.88425284,13.36851809,Västra Götalands län,14,Västergötland,,,,,,
Mullsjö,http://www.mullsjo.se/,642,,,,Götaland,7 594,57.95301676,13.8279273,Västra Götalands län,14,Västergötland,,,,,,
Munkedal,http://www.munkedal.se/,1430,,,,Götaland,10 354,58.57897411,11.70916627,Västra Götalands län,14,Västergötland,,,,,,
Nordmaling,https://www.nordmaling.se/,2401,,,Saknas,Götaland,6 942,63.49174706,19.56925657,Västra Götalands län,14,Dalsland,,,,,,
Orust,http://www.orust.se/,1421,,,,Götaland,15 352,58.14482342,11.42171781,Västra Götalands län,14,Bohuslän,,,,,,
Skara,http://www.skara.se/,1495,,,,Götaland,18 707,58.37935477,13.47919946,Västra Götalands län,14,Västergötland,,,,,,
Skövde,http://www.skovde.se/,1496,,,,Götaland,57 995,58.42848143,13.90580203,Västra Götalands län,14,Västergötland,,,,,,
Sotenäs,http://www.sotenas.se/,1427,,,,Götaland,9 104,58.38209545,11.08685777,Västra Götalands län,14,Bohuslän,,,,,,
Stenungsund,http://www.stenungsund.se/,1415,,,,Götaland,27 851,58.05496807,11.90224095,Västra Götalands län,14,Bohuslän,,,,,,
Strömstad,http://www.stromstad.se/,1486,,,,Götaland,13 482,58.91991697,11.10514872,Västra Götalands län,14,Bohuslän,,,,,,
Svenljunga,https://www.svenljunga.se/,1465,,,,Götaland,10 747,57.39042983,13.06202105,Västra Götalands län,14,Västergötland,,,,,,
Tanum,http://www.tanum.se/,1435,,,,Götaland,12 773,58.66081156,11.13931876,Västra Götalands län,14,Bohuslän,,,,,,
Tibro,http://www.tibro.se/,1472,,,,Götaland,11 338,58.45117451,14.22201108,Västra Götalands län,14,Västergötland,,,,,,
Tidaholm,http://www.tidaholm.se/,1498,,,,Götaland,12 805,58.14703184,13.94491947,Västra Götalands län,14,Västergötland,,,,,,
Tjörn,http://www.tjorn.se/,1419,,,,Götaland,16 092,57.97658968,11.37870531,Västra Götalands län,14,Bohuslän,,,,,,
Tranemo,http://www.tranemo.se/,1452,,,,Götaland,11 839,57.51289917,13.41156934,Västra Götalands län,14,Västergötland,,,,,,
Trollhättan,http://www.trollhattan.se/,1488,,,,Götaland,59 003,58.21792124,12.346873,Västra Götalands län,14,Västergötland,,,,,,
Töreboda,http://www.toreboda.se/,1473,,,,Götaland,9 043,58.67034189,14.16777923,Västra Götalands län,14,Västergötland,,,,,,
Uddevalla,http://www.uddevalla.se/,1485,,,,Götaland,57 010,58.32274091,11.85768195,Västra Götalands län,14,Bohuslän,,,,,,
Ulricehamn,http://www.ulricehamn.se/,1491,,,,Götaland,24 985,57.8111892,13.46247662,Västra Götalands län,14,Västergötland,,,,,,
Vara,http://www.vara.se/,1470,,,,Götaland,16 088,58.24476273,13.0600246,Västra Götalands län,14,Västergötland,,,,,,
Vårgårda,http://www.vargarda.se/,1442,,,,Götaland,12 474,57.98856805,12.76541656,Västra Götalands län,14,Västergötland,,,,,,
Vänersborg,http://www.vanersborg.se/,1487,,,,Götaland,40 041,58.45627935,12.3583196,Västra Götalands län,14,Västergötland,,,,,,
Åmål,http://www.amal.se/,1492,,,,Götaland,11 906,58.95049292,12.6416703,Västra Götalands län,14,Dalsland,,,,,,
Öckerö,http://www.ockero.se/,1407,,,,Götaland,12 771,57.7294799,11.44471483,Västra Götalands län,14,Bohuslän,,,,,,